1455072.506400000071,-1372428.506599999964
1455048.160600000061,-1372429.884499999927
1455042.993899999885,-1372431.360899999971
1455038.708000000101,-1372430.781399999978
1454991.948099999921,-1372449.164399999892
1454918.1054,-1372485.299899999984
1454897.206299999962,-1372493.140700000105
1454892.452400000067,-1372497.088599999901
1454862.908499999903,-1372510.779799999902
1454839.675899999915,-1372518.997999999905
1454837.636500000022,-1372521.23359999992
1454810.332600000082,-1372533.929500000086
1454776.014200000092,-1372547.752400000114
1454731.078100000042,-1372558.841100000078
1454675.302200000035,-1372565.942800000077
1454670.910200000042,-1372564.747599999886
1454634.912999999942,-1372571.843700000085
1454610.767699999968,-1372574.460999999894
1454605.66519999993,-1372565.102100000018
1454597.947900000028,-1372561.883300000103
1454593.923100000015,-1372555.536499999929
1454582.330099999905,-1372531.928000000073
1454577.193900000071,-1372534.957699999912
1454571.93339999998,-1372538.061500000069
1454586.388800000073,-1372568.212499999907
1454581.835399999982,-1372573.400799999945
1454584.48179999995,-1372597.18339999998
1454567.552799999947,-1372599.921799999895
1454552.764100000029,-1372604.859900000039
1454534.820199999958,-1372619.860000000102
1454527.552099999972,-1372626.760400000028
1454517.185400000075,-1372640.542499999981
1454515.694900000002,-1372653.513800000073
1454511.866900000023,-1372666.878599999938
1454500.653600000078,-1372664.232899999944
1454489.09440000006,-1372670.561999999918
1454476.179599999916,-1372679.664099999936
1454470.179800000042,-1372686.984200000064
1454464.860000000102,-1372694.857800000114
1454457.052600000054,-1372713.310199999949
1454452.849600000074,-1372731.820000000065
1454428.409299999941,-1372751.072300000116
1454421.596600000048,-1372753.44709999999
1454416.853799999924,-1372757.385199999902
1454409.013499999885,-1372768.212400000077
1454377.569799999939,-1372792.393099999987
1454368.089300000109,-1372785.65559999994
1454363.114300000016,-1372784.546899999958
1454358.661599999992,-1372790.359100000001
1454353.707799999975,-1372793.073600000003
1454345.945899999933,-1372800.693999999901
1454341.286300000036,-1372801.455300000031
1454336.67109999992,-1372795.188499999931
1454331.567700000014,-1372785.821999999927
1454325.911199999973,-1372784.190799999982
1454301.700600000098,-1372793.830899999943
1454291.642900000094,-1372768.716400000034
1454288.959000000032,-1372755.772200000007
1454283.272600000026,-1372746.492199999979
1454276.71390000009,-1372739.282200000016
1454269.786499999929,-1372737.216000000015
1454265.071699999971,-1372730.332699999912
1454257.884199999971,-1372734.041100000031
1454260.84719999996,-1372741.207699999912
1454258.748099999968,-1372750.458300000057
1454280.039300000062,-1372804.347099999897
1454260.904600000009,-1372815.719899999909
1454253.665999999968,-1372830.268699999899
1454236.66929999995,-1372840.014999999898
1454223.593499999959,-1372855.507699999958
1454218.156399999978,-1372858.925300000003
1454200.350799999898,-1372863.710299999919
1454179.035600000061,-1372865.25139999995
1454175.926900000079,-1372868.30019999994
1454158.208600000013,-1372869.892299999949
1454145.249800000107,-1372867.528399999952
1454134.251900000032,-1372869.94709999999
1454108.209500000114,-1372883.069200000027
1454085.181199999992,-1372892.517500000075
1454081.671300000045,-1372893.084999999963
1454076.235300000058,-1372896.510000000009
1454057.748200000031,-1372900.772200000007
1454040.351199999917,-1372908.044500000076
1454033.932199999923,-1372909.082399999956
1453999.992899999954,-1372921.567599999951
1453995.325600000098,-1372922.322300000116
1453984.348800000036,-1372928.564100000076
1453939.910099999979,-1372942.73900000006
1453931.167099999962,-1372947.986899999902
1453902.294999999925,-1372958.379500000039
1453846.103899999987,-1372981.466900000116
1453745.612200000091,-1373027.014600000111
1453740.174899999984,-1373030.431799999904
1453721.687399999937,-1373034.693399999989
1453707.591800000053,-1373040.150600000052
1453670.978799999924,-1373061.993000000017
1453613.264999999898,-1373090.439999999944
1453483.409800000023,-1373147.087800000096
1453354.537199999904,-1373206.128299999982
1453272.17379999999,-1373252.559099999955
1453148.460299999919,-1373313.941000000108
1453123.584999999963,-1373323.052300000098
1453100.905299999984,-1373327.357199999969
1453096.718899999978,-1373327.393300000113
1453073.983699999982,-1373338.704600000056
1453012.610799999908,-1373377.9375
1452997.745300000068,-1373386.063799999887
1452992.489700000035,-1373386.912900000112
1452976.849399999948,-1373393.899100000039
1452953.612200000091,-1373402.104800000088
1452935.580300000031,-1373401.839500000002
1452895.039799999911,-1373414.128999999957
1452856.543899999931,-1373431.804699999979
1452828.507200000109,-1373454.811200000113
1452788.688099999912,-1373479.080499999924
1452740.15559999994,-1373512.402699999977
1452699.727299999911,-1373532.943399999989
1452645.208099999931,-1373581.234399999958
1452544.922800000058,-1373650.29429999995
1452455.249700000044,-1373718.287000000011
1452394.733000000007,-1373751.636600000085
1452358.076099999947,-1373765.841999999946
1452271.463200000115,-1373823.139200000092
1452233.038200000068,-1373852.279799999902
1452163.623399999924,-1373901.06660000002
1452118.301999999909,-1373935.771399999969
1452057.233900000108,-1373976.8526000001
1451982.374800000107,-1374029.070099999895
1451871.246499999892,-1374112.623200000031
1451868.324400000041,-1374113.094899999909
1451852.106499999994,-1374123.990699999966
1451819.291600000113,-1374143.313000000082
1451795.584299999988,-1374159.876699999906
1451729.889399999985,-1374209.339300000109
1451679.679199999897,-1374239.746400000062
1451643.1902999999,-1374269.844199999934
1451639.779300000053,-1374271.027299999958
1451579.683500000043,-1374332.954099999974
1451579.50959999999,-1374335.535699999891
1451568.067199999932,-1374346.308100000024
1451500.233400000026,-1374441.968799999915
1451500.04560000007,-1374444.544900000095
1451480.299000000115,-1374470.659100000048
1451452.138599999947,-1374511.515700000105
1451428.745700000087,-1374548.416699999943
1451421.124099999899,-1374564.288699999917
1451398.706900000107,-1374603.577899999917
1451352.258699999889,-1374690.701499999966
1451340.2696,-1374709.191200000001
1451302.262600000016,-1374748.441899999976
1451297.052099999972,-1374756.935300000012
1451288.172599999933,-1374776.195999999996
1451272.2696,-1374833.541999999899
1451256.464200000046,-1374869.209999999963
1451224.522099999944,-1374934.875199999893
1451202.283700000029,-1374990.049000000115
1451156.342600000091,-1375084.085100000026
1451152.845699999947,-1375084.65690000006
1451131.631400000071,-1375131.379799999995
1451126.38320000004,-1375154.528500000015
1451122.247599999886,-1375166.026599999983
1451123.762499999953,-1375179.158800000092
1451122.629200000083,-1375186.978799999924
1451120.239899999928,-1375194.376500000013
1451120.55159999989,-1375200.05019999994
1451118.586799999932,-1375217.562300000107
1451119.325999999885,-1375229.546799999895
1451121.203100000042,-1375237.521399999969
1451136.578999999911,-1375254.781699999934
1451153.181399999885,-1375264.839500000002
1451160.327899999917,-1375271.96399999992
1451160.827700000023,-1375275.061699999962
1451177.537199999904,-1375285.742499999935
1451181.450500000035,-1375309.958799999906
1451176.203399999999,-1375314.608400000026
1451164.589799999958,-1375309.485199999996
1451134.214799999958,-1375292.106699999887
1451105.415599999949,-1375277.011900000041
1451092.567899999907,-1375279.084400000051
1451087.338299999945,-1375283.762099999934
1451089.03879999998,-1375294.303099999903
1451099.495399999898,-1375303.439400000032
1451168.984299999895,-1375332.98359999992
1451166.318399999989,-1375346.149900000077
1451160.128299999982,-1375356.058500000043
1451134.792499999981,-1375373.537699999986
1451110.479300000006,-1375382.551299999934
1451093.351199999917,-1375384.04150000005
1451081.280400000047,-1375387.269300000044
1451077.713200000115,-1375394.849299999885
1451077.482000000076,-1375408.263000000035
1451074.51640000008,-1375419.572200000053
1451072.11819999991,-1375426.955899999943
1451060.785099999979,-1375442.160499999998
1451057.094800000079,-1375463.78469999996
1451039.552799999947,-1375503.550000000047
1451021.887700000079,-1375538.891700000037
1450997.918099999893,-1375579.693600000115
1450988.737100000028,-1375597.096499999985
1450992.078500000061,-1375625.215700000059
1450990.007999999914,-1375638.293400000082
1450983.124599999981,-1375647.688700000057
1450967.196599999908,-1375656.622100000037
1450957.985199999996,-1375666.392900000094
1450935.811200000113,-1375714.549399999902
1450930.573700000066,-1375741.514200000092
1450922.769099999918,-1375759.967799999984
1450872.946100000059,-1375855.905800000066
1450867.087300000014,-1375875.318200000096
1450875.848400000017,-1375892.372699999949
1450870.069600000046,-1375908.578599999892
1450861.264200000092,-1375920.829300000099
1450855.869600000093,-1375935.715799999889
1450842.064599999925,-1375939.222800000105
1450831.738600000041,-1375938.342500000028
1450817.631999999983,-1375943.803499999922
1450806.761600000085,-1375950.65559999994
1450805.66650000005,-1375966.121499999892
1450820.57890000008,-1375969.4402999999
1450830.173500000034,-1375980.636500000022
1450802.746000000043,-1376033.457699999912
1450791.242199999979,-1376051.234699999914
1450764.317299999995,-1376107.175899999915
1450748.957699999912,-1376134.492000000086
1450714.908800000092,-1376205.59030000004
1450686.754200000083,-1376268.725700000068
1450661.747900000075,-1376317.977200000081
1450629.087300000014,-1376375.474699999904
1450619.381400000071,-1376382.146399999969
1450612.325200000079,-1376394.099099999992
1450605.09169999999,-1376408.656799999997
1450603.824400000041,-1376430.506400000071
1450586.993599999929,-1376456.153600000078
1450578.705899999943,-1376475.324500000104
1450574.768399999943,-1376488.062399999937
1450559.734100000001,-1376502.589600000065
1450554.53190000006,-1376514.891199999955
1450543.815100000007,-1376533.813400000101
1450538.601400000043,-1376546.124499999918
1450532.16650000005,-1376565.636699999915
1450518.138299999991,-1376586.365500000073
1450484.438199999975,-1376630.021100000013
1450470.646900000051,-1376659.628700000001
1450433.242400000105,-1376702.615999999922
1450420.848900000099,-1376718.630099999951
1450406.587300000014,-1376752.771900000051
1450395.651899999939,-1376766.637799999909
1450387.300800000085,-1376774.347999999998
1450378.210999999894,-1376788.54879999999
1450380.357199999969,-1376809.230599999893
1450379.724399999948,-1376820.162800000049
1450363.827100000111,-1376859.018799999962
1450348.029899999965,-1376876.229300000006
1450343.121299999999,-1376890.396299999906
1450340.652999999933,-1376904.802399999928
1450342.55979999993,-1376916.590099999914
1450308.258499999996,-1376997.282200000016
1450293.27099999995,-1377023.263599999947
1450292.15009999997,-1377034.914600000018
1450274.761399999959,-1377086.753599999938
1450262.189800000051,-1377105.333600000013
1450236.854199999943,-1377148.911499999929
1450198.694499999983,-1377194.564100000076
1450136.957299999893,-1377305.787299999967
1450085.1902999999,-1377382.295799999963
1450075.69299999997,-1377394.016199999955
1450070.588699999964,-1377406.933699999936
1450069.190799999982,-1377420.534400000004
1450049.424099999946,-1377465.126500000013
1450020.13459999999,-1377513.790999999968
1450014.125900000101,-1377521.138499999885
1449998.757999999914,-1377526.160600000061
1449975.193600000115,-1377524.875
1449956.510000000009,-1377531.71949999989
1449932.602399999974,-1377543.208700000076
1449923.77099999995,-1377551.651199999964
1449921.679999999935,-1377560.912699999986
1449957.117300000042,-1377557.724299999885
1449977.19020000007,-1377559.580400000094
1449987.828200000105,-1377566.134899999946
1449983.838800000027,-1377585.89189999993
1449955.204699999886,-1377631.25689999992
1449946.067700000014,-1377634.017500000075
1449927.860499999952,-1377636.326799999923
1449920.878500000108,-1377645.088299999945
1449921.320999999996,-1377655.206500000088
1449925.145599999931,-1377682.605599999893
1449915.081599999918,-1377716.716599999927
1449901.61409999989,-1377733.53469999996
1449885.285900000017,-1377762.291399999987
1449849.212999999989,-1377820.964399999939
1449831.948700000066,-1377858.780800000066
1449785.026199999964,-1377928.125900000101
1449764.378199999919,-1377952.479599999962
1449617.750100000063,-1378224.512099999934
1449606.077000000048,-1378252.517699999968
1449600.049000000115,-1378274.499800000107
1449596.908000000054,-1378292.198799999896
1449576.296600000001,-1378364.946500000078
1449567.520899999887,-1378384.825799999991
1449537.798500000034,-1378445.67379999999
1449533.791999999899,-1378465.417200000025
1449503.039499999955,-1378579.281799999997
1449497.445199999958,-1378592.917399999918
1449492.293800000101,-1378616.678599999985
1449480.225899999961,-1378660.659400000004
1449471.267299999949,-1378705.40419999999
1449460.05569999991,-1378769.617300000042
1449438.346499999985,-1378857.819799999939
1449429.784100000048,-1378882.777999999933
1449425.705099999905,-1378905.702700000023
1449419.760800000047,-1378928.334000000032
1449417.88320000004,-1378942.635699999984
1449412.325100000016,-1378963.916699999943
1449403.888899999904,-1379037.871000000043
1449403.006199999945,-1379058.391099999892
1449389.76549999998,-1379124.850600000005
1449384.85950000002,-1379139.015200000023
1449373.952800000086,-1379182.80019999994
1449358.78199999989,-1379252.11540000001
1449347.640300000086,-1379309.320099999895
1449340.339300000109,-1379334.699299999978
1449333.189000000013,-1379390.605299999937
1449322.001699999906,-1379436.363200000022
1449320.118400000036,-1379450.673200000077
1449305.34449999989,-1379522.461300000083
1449301.807999999961,-1379582.266099999892
1449294.946100000059,-1379595.457299999893
1449279.499499999918,-1379603.683200000087
1449279.349099999992,-1379591.621299999999
1449287.753199999919,-1379576.878299999982
1449285.656200000085,-1379563.857199999969
1449277.245600000024,-1379556.303300000029
1449270.149800000014,-1379560.623700000113
1449269.873200000031,-1379584.871400000062
1449263.913200000068,-1379603.663399999961
1449260.595100000035,-1379623.942800000077
1449278.69849999994,-1379643.302300000098
1449288.428700000048,-1379640.462700000033
1449316.01549999998,-1379644.28059999994
1449318.496999999974,-1379633.684499999974
1449333.952400000067,-1379625.472499999916
1449351.456299999962,-1379618.8125
1449374.27370000002,-1379600.475499999942
1449385.561599999899,-1379599.930200000061
1449400.980900000082,-1379606.370700000087
1449407.937600000063,-1379616.063799999887
1449417.62360000005,-1379668.625400000019
1449422.632500000065,-1379721.940100000007
1449434.724500000011,-1379789.400799999945
1449426.417200000025,-1379804.745300000068
1449431.058200000087,-1379818.6446
1449441.72359999991,-1379829.028399999952
1449448.681700000074,-1379838.728899999987
1449445.940399999963,-1379855.089699999895
1449440.661899999948,-1379874.404400000116
1449449.771900000051,-1379908.593700000085
1449440.553400000092,-1379918.361899999902
1449439.328800000018,-1379925.554699999979
1449441.670900000026,-1379947.475300000049
1449439.063000000082,-1379953.61819999991
1449359.251500000013,-1379967.790599999949
1449357.05290000001,-1379954.138199999928
1449365.952300000004,-1379942.508600000059
1449365.107199999969,-1379926.09300000011
1449357.445899999933,-1379934.322300000116
1449343.56520000007,-1379944.856699999887
1449339.527699999977,-1379956.960500000045
1449332.862399999984,-1379971.415599999949
1449294.544999999925,-1379982.699699999997
1449288.597599999979,-1379960.727299999911
1449278.347400000086,-1379934.372699999949
1449263.395100000082,-1379923.414199999999
1449239.890700000105,-1379915.113099999959
1449231.623700000113,-1379919.622100000037
1449225.964799999958,-1379917.988099999959
1449219.360399999889,-1379921.612200000091
1449218.612399999984,-1379928.09580000001
1449205.444600000046,-1379946.767800000031
1449200.039899999974,-1379957.842200000072
1449217.894000000088,-1380009.080199999968
1449243.27919999999,-1380043.818600000115
1449257.743500000099,-1380055.49589999998
1449267.215400000103,-1380058.428599999985
1449276.656500000041,-1380057.540700000012
1449286.651099999901,-1380048.920399999944
1449295.341500000097,-1380032.241900000023
1449291.882299999939,-1379999.672500000102
1449321.290899999905,-1379996.209199999925
1449333.191200000001,-1379999.383300000103
1449339.230299999937,-1380021.965599999996
1449342.635000000009,-1380020.769499999937
1449366.667799999937,-1380013.721499999985
1449366.265899999999,-1380011.225600000005
1449363.956500000088,-1379996.966299999971
1449434.045300000114,-1379985.640099999961
1449459.226100000087,-1379996.848400000017
1449477.367000000086,-1380023.852399999974
1449483.831800000044,-1380052.744699999923
1449498.736500000115,-1380074.531500000041
1449504.175499999896,-1380093.384899999946
1449504.223999999929,-1380104.853700000094
1449504.793499999912,-1380123.226400000043
1449493.521100000013,-1380149.877099999925
1449480.717600000091,-1380163.392599999905
1449488.378100000089,-1380177.453299999936
1449499.520000000019,-1380183.294500000076
1449504.96669999999,-1380183.689800000051
1449510.324400000041,-1380183.451700000092
1449516.632200000109,-1380177.985499999952
1449515.879999999888,-1380162.1875
1449512.775300000096,-1380142.950500000035
1449512.239899999928,-1380132.208000000101
1449519.192700000014,-1380119.619299999904
1449533.378299999982,-1380088.681499999948
1449547.214200000046,-1380066.700600000098
1449587.39189999993,-1380055.756000000052
1449615.345399999991,-1380054.423500000034
1449629.721799999941,-1380069.299799999921
1449637.968700000085,-1380083.250500000082
1449651.604100000113,-1380082.319099999964
1449658.652299999958,-1380088.827300000004
1449663.4151000001,-1380107.149299999932
1449680.46800000011,-1380131.142800000031
1449687.408899999922,-1380159.31799999997
1449686.050400000066,-1380180.554199999897
1449664.683200000087,-1380196.737399999984
1449655.683299999917,-1380207.74319999991
1449653.153699999908,-1380210.703599999892
1449670.448700000066,-1380221.284100000048
1449684.924600000028,-1380236.776599999983
1449713.887600000016,-1380308.506300000008
1449714.257599999895,-1380325.638499999885
1449725.040000000037,-1380340.453200000105
1449778.865299999947,-1380373.146500000032
1449820.231600000057,-1380410.407099999953
1449829.538600000087,-1380419.728899999987
1449837.860600000015,-1380430.474200000055
1449845.955599999987,-1380454.645299999975
1449870.874199999962,-1380493.922699999996
1449894.140200000023,-1380534.106399999931
1449896.316300000064,-1380562.408599999966
1449922.446599999908,-1380700.839099999983
1449949.55560000008,-1380814.250500000082
1450064.886500000022,-1380812.183500000043
1450157.078500000061,-1380807.833700000076
1450230.284999999916,-1380836.744600000093
1450269.693100000033,-1380879.242199999979
1450278.498799999943,-1380955.164700000081
1450249.66929999995,-1381020.868500000099
1450240.522600000026,-1381134.282899999991
1450236.603499999968,-1381216.325399999972
1450242.097599999979,-1381335.521100000013
1450252.470100000035,-1381378.625800000038
1450310.182299999986,-1381428.349799999967
1450391.570599999977,-1381433.553300000029
1450440.436800000025,-1381460.278799999971
1450488.330599999987,-1381534.010800000047
1450709.881300000008,-1381618.982400000095
1451143.258600000059,-1381681.88870000001
1451519.674700000091,-1381886.721300000092
1451975.436299999943,-1382088.224099999992
1452285.976999999955,-1382379.513999999966
1452572.493800000055,-1382323.804100000067
1452836.822300000116,-1382328.563400000101
1453254.88590000011,-1382592.986199999927
1453787.924600000028,-1382876.755700000096
1454093.952800000086,-1383386.817499999888
1454354.668999999994,-1384160.210999999894
1454415.624199999962,-1385032.222899999935
1454248.728099999949,-1385779.812600000063
1453954.855800000019,-1386434.096099999966
1453613.533700000029,-1386745.193900000071
1453236.070599999977,-1386881.957500000019
1452964.161300000036,-1386831.011799999978
1452590.530899999896,-1386644.761699999915
1452392.712899999926,-1386458.590899999952
1452121.835100000026,-1386265.232499999925
1451929.654400000116,-1386163.476100000087
1451652.496700000018,-1385980.597999999998
1451382.796700000064,-1385843.917499999981
1451271.01239999989,-1385596.447600000072
1451277.519899999956,-1385339.393399999943
1451306.098199999891,-1384822.769499999937
1451308.663900000043,-1384243.953800000018
1451209.138899999904,-1384022.942000000039
1450962.847899999935,-1383882.473800000036
1450845.121700000018,-1383598.013999999966
1450751.092399999965,-1383262.320199999958
1450604.063099999912,-1382944.644799999893
1450443.43339999998,-1382790.35859999992
1450380.819099999964,-1382847.858699999982
1450419.872999999905,-1383040.698000000091
1450525.333000000101,-1383298.695899999933
1450552.945800000103,-1383569.233299999963
1450577.23900000006,-1383868.749599999981
1450733.075600000098,-1384042.76640000008
1450909.295200000051,-1384194.531500000041
1451015.580899999943,-1384556.685099999886
1451034.732000000076,-1384923.393099999987
1450919.335800000001,-1385397.111000000034
1450964.689800000051,-1385579.436200000113
1451104.293899999931,-1385850.871199999936
1451264.751900000032,-1386251.681899999967
1451301.769400000107,-1386399.122699999949
1451198.058999999892,-1386393.90830000001
1451188.646299999906,-1386491.620300000068
1451185.442700000014,-1386558.477900000056
1451187.286899999948,-1386604.619699999923
1451223.789700000081,-1386675.03050000011
1451196.345599999884,-1386782.280999999959
1451144.618800000055,-1386860.273100000108
1451127.950999999885,-1386982.371299999999
1451112.043599999975,-1387074.493500000099
1451086.799300000072,-1387178.070599999977
1451097.6222000001,-1387273.736199999927
1450980.614999999991,-1387463.648100000108
1450613.484200000064,-1387744.705800000113
1450322.720399999991,-1388088.054000000004
1450082.199199999915,-1388594.368400000036
1449791.934600000037,-1389239.819499999983
1449720.060099999886,-1389838.700399999972
1449590.537199999904,-1390258.678499999922
1449281.751200000057,-1390490.812200000044
1449002.127300000051,-1390455.958399999887
1448748.571400000015,-1390194.532099999953
1448556.183999999892,-1390014.494600000093
1448329.91100000008,-1389982.447799999965
1448137.351999999955,-1390070.418300000019
1447901.736100000096,-1390279.339699999895
1447524.853499999968,-1390476.73760000011
1447248.825299999909,-1390823.26689999993
1446873.464900000021,-1391180.029799999902
1446724.158199999947,-1391357.943399999989
1446523.291600000113,-1391544.129399999976
1446439.573199999984,-1391687.1651000001
1446345.796799999895,-1391949.966000000015
1446299.733800000045,-1392220.835600000108
1446292.750299999956,-1392611.268500000006
1446206.003999999957,-1393042.021500000032
1446053.978399999905,-1393396.72900000005
1445765.199999999953,-1393808.75410000002
1445499.689999999944,-1394055.81110000005
1445287.345299999928,-1394117.38590000011
1444990.954099999974,-1394109.853700000094
1444731.654600000009,-1394147.484900000039
1444548.17109999992,-1394151.947200000053
1444571.374099999899,-1394184.512600000016
1444593.448899999959,-1394202.61260000011
1444609.172299999977,-1394210.899999999907
1444619.069200000027,-1394227.783400000073
1444637.823099999921,-1394243.86409999989
1444657.558299999917,-1394254.707500000019
1444699.560300000012,-1394288.699699999997
1444680.296199999982,-1394299.418499999912
1444617.923699999927,-1394265.507299999939
1444578.970699999947,-1394243.112900000066
1444417.54019999993,-1394137.244299999904
1444231.513000000035,-1394009.380399999907
1444205.962000000058,-1394048.723400000017
1444185.969599999953,-1394079.507299999939
1444281.383300000103,-1394249.133799999952
1444297.579300000099,-1394471.901099999901
1444391.616200000048,-1394693.751500000013
1444415.511200000066,-1394903.725099999923
1444263.322600000072,-1395170.800400000066
1444092.112299999921,-1395440.916600000113
1443786.489899999928,-1395663.213599999901
1443664.344599999953,-1395965.90419999999
1443413.219899999909,-1396589.696100000059
1443110.084199999925,-1397071.563199999975
1442729.436400000006,-1397952.916800000006
1442335.523400000064,-1398599.463500000071
1442375.067199999932,-1398968.67510000011
1442028.970900000073,-1399457.321100000059
1441420.125100000063,-1399797.287100000074
1440813.539799999911,-1399876.87229999993
1440362.7098999999,-1399740.90009999997
1440047.215099999914,-1399658.402699999977
1439810.368599999929,-1399701.991200000048
1439605.768699999899,-1399855.968200000003
1439431.11129999999,-1399953.167300000088
1439239.488499999978,-1400035.738399999915
1439109.795200000051,-1400200.855999999912
1438927.788500000024,-1400374.315600000089
1438844.102399999974,-1400491.648999999976
1438860.38870000001,-1400685.464500000002
1438813.427699999884,-1400941.357899999944
1438641.699400000041,-1401026.514299999923
1438378.078399999999,-1401085.882599999895
1438170.095100000035,-1401188.363200000022
1437861.23900000006,-1401208.713400000008
1437584.314199999906,-1401062.21809999994
1437211.121599999955,-1400954.159599999897
1436906.402999999933,-1400939.159400000004
1436547.669199999887,-1401013.624000000069
1436154.202700000023,-1401145.592200000072
1435822.631700000027,-1401360.114700000035
1435498.764800000004,-1401561.84309999994
1435273.4179,-1401674.058900000062
1435123.739300000016,-1401748.589799999958
1434708.792799999937,-1401837.693299999926
1434470.77649999992,-1401996.843399999896
1434232.907300000079,-1401942.241200000048
1434031.08070000005,-1401991.652699999977
1433731.443299999926,-1402039.275200000033
1433478.190600000089,-1402102.622399999993
1433358.495499999961,-1402300.700100000016
1433547.608699999982,-1402877.142500000075
1433659.695999999996,-1402876.661300000036
1433770.273300000001,-1402835.986400000053
1433880.23450000002,-1402760.751500000013
1433857.851400000043,-1402619.906500000041
1433783.147799999919,-1402487.375500000082
1433651.03469999996,-1402300.428599999985
1433701.227900000056,-1402217.362500000047
1433964.891300000018,-1402158.131199999945
1434175.399200000102,-1402193.985000000102
1434374.605599999893,-1402220.078599999892
1434653.432299999986,-1402164.192400000058
1434848.847499999916,-1402289.074599999934
1434862.076700000092,-1402494.914499999955
1434662.712099999888,-1402682.574199999915
1434540.896399999969,-1402805.913200000068
1434272.179199999897,-1402894.841800000053
1433989.523599999957,-1403049.513100000098
1433807.9804,-1403257.418899999931
1433617.346900000004,-1403459.001500000013
1433584.739999999991,-1403497.863399999915
1433552.232899999944,-1403536.605699999956
1433548.149900000077,-1403541.471900000004
1433521.07480000006,-1403578.262600000016
1432796.409599999897,-1401277.745000000112
1432759.571800000034,-1401231.254399999976
1432685.757299999939,-1401211.572699999902
1432645.536599999992,-1401217.960200000089
1432598.859299999895,-1401239.330599999987
1432539.40969999996,-1401217.366600000067
1432491.596300000092,-1401204.3152999999
1432478.00689999992,-1401235.849200000055
1432405.154700000072,-1401154.491300000111
1432390.770899999887,-1401138.428000000073
1432381.838699999964,-1401156.984100000001
1432372.21259999997,-1401184.59580000001
1432399.022700000089,-1401252.297999999952
1432380.456400000025,-1401272.82939999993
1432362.581500000088,-1401292.216599999927
1432364.461399999913,-1401326.050599999959
1432357.934899999993,-1401367.42519999994
1432311.215000000084,-1401397.597999999998
1432242.927300000098,-1401407.40550000011
1432214.149100000039,-1401446.106600000057
1432219.012700000079,-1401487.740999999922
1432255.436699999962,-1401519.193500000052
1432289.188499999931,-1401528.31520000007
1432305.377000000095,-1401542.293999999994
1432325.503199999919,-1401553.578800000018
1432333.421300000045,-1401526.46399999992
1432352.847999999998,-1401522.345299999928
1432368.251900000032,-1401564.374899999937
1432371.463699999964,-1401601.09990000003
1432406.134499999927,-1401638.001600000076
1432476.396900000051,-1401635.119699999923
1432504.331699999981,-1401613.100899999961
1432526.389699999942,-1401548.574100000085
1432534.248099999968,-1401510.091000000015
1432578.851899999892,-1401505.076700000092
1432604.526700000046,-1401540.303400000092
1432634.914700000081,-1401528.23760000011
1432634.510199999902,-1401569.674300000072
1432557.123399999924,-1401588.168999999994
1432514.458199999994,-1401638.384800000116
1432483.656200000085,-1401675.339300000109
1432506.354300000006,-1401719.313099999912
1432549.019300000044,-1401773.562300000107
1432609.004399999976,-1401760.934099999955
1432674.874499999918,-1401702.895800000057
1432737.177099999972,-1401644.389200000092
1432802.262099999934,-1401614.400700000115
1432811.335800000001,-1401660.537800000049
1432821.37089999998,-1401712.728099999949
1432821.287500000093,-1401756.182199999923
1432830.150499999989,-1401806.489800000098
1432917.097099999897,-1401963.431300000055
1432979.455099999905,-1402040.760400000028
1433026.566899999976,-1402151.914499999955
1433103.833399999887,-1402367.688799999887
1433039.29560000007,-1402416.743800000055
1432867.777400000021,-1402421.315500000026
1432783.774200000102,-1402434.655999999959
1432595.900399999926,-1402396.481200000038
1432412.820199999958,-1402629.572600000072
1432373.458099999931,-1402735.689100000076
1432392.321199999889,-1402763.692299999995
1432365.917799999937,-1402787.175700000022
1432359.081000000006,-1402821.056799999904
1432369.482199999969,-1402876.315900000045
1432371.933100000024,-1402917.403799999971
1432355.760699999984,-1402948.908499999903
1432348.42790000001,-1402984.797400000039
1432333.796400000108,-1403020.880200000014
1432315.586700000102,-1403049.814299999969
1432275.569700000109,-1403054.237500000047
1432251.827499999898,-1403032.927300000098
1432252.017900000094,-1403013.605599999893
1432237.5429,-1402989.698000000091
1432238.217100000009,-1402901.011699999915
1432260.092900000047,-1402854.133099999977
1432222.35810000007,-1402852.406399999978
1432197.596900000004,-1402886.238799999934
1432153.017900000094,-1402902.960500000045
1432141.979400000069,-1402864.200399999972
1432144.193900000071,-1402816.584500000114
1432130.473800000036,-1402776.320800000103
1432089.1679,-1402782.877000000095
1432059.545200000051,-1402827.126500000013
1432003.069900000002,-1402849.356600000057
1431986.746800000081,-1402922.59859999991
1431987.553400000092,-1402953.336899999995
1432010.112500000047,-1402997.985300000058
1432038.871100000106,-1403025.251900000032
1431984.501900000032,-1403021.341299999971
1431941.110499999952,-1403030.156799999997
1431931.345100000035,-1403071.253899999894
1431941.086499999976,-1403096.715899999952
1431959.416800000006,-1403119.850199999986
1431934.749300000025,-1403144.020800000057
1431939.503599999938,-1403168.562600000063
1431661.599500000011,-1403202.177600000054
1431676.321800000034,-1403596.537199999904
1431774.431600000011,-1403852.98760000011
1432223.218300000066,-1404087.786700000055
1432472.540000000037,-1404512.90280000004
1432881.078599999892,-1404674.721600000048
1432864.237299999921,-1404870.069600000046
1432677.021200000076,-1405137.798600000096
1432289.646200000076,-1405471.287000000011
1431765.075500000035,-1405724.517900000094
1431462.250999999931,-1405987.88049999997
1430850.808100000024,-1406688.752300000051
1430850.716400000034,-1406688.850000000093
1430849.249099999899,-1406690.281799999997
1430849.364499999909,-1406690.399500000058
1430896.769300000044,-1406738.701499999966
1430955.095500000054,-1406798.142299999949
1431017.577700000023,-1406734.788200000068
1431029.835500000045,-1406725.210500000045
1431058.179400000023,-1406711.156600000104
1431065.469700000016,-1406700.455800000113
1431068.477799999993,-1406689.178099999903
1431076.745799999917,-1406677.051200000104
1431110.3097000001,-1406639.281399999978
1431111.575399999972,-1406639.712400000077
1431137.94840000011,-1406609.453599999892
1431152.652900000103,-1406596.306099999929
1431183.679800000042,-1406561.480299999937
1431190.592600000091,-1406555.931499999948
1431192.437699999893,-1406552.464900000021
1431213.360499999952,-1406529.410200000042
1431223.873399999924,-1406520.116399999941
1431224.15550000011,-1406518.161199999973
1431248.873499999987,-1406488.796000000089
1431250.238099999959,-1406489.850700000068
1431254.325299999909,-1406485.381499999901
1431260.159900000086,-1406476.829499999993
1431283.222300000023,-1406455.985199999996
1431283.997100000037,-1406453.320099999895
1431311.155400000047,-1406428.020500000101
1431336.566200000001,-1406406.803700000048
1431349.703999999911,-1406399.003999999957
1431398.677499999991,-1406360.060099999886
1431430.321100000059,-1406340.396799999988
1431451.264200000092,-1406328.80150000006
1431451.645199999912,-1406327.469899999909
1431472.575900000054,-1406312.063000000082
1431515.537999999942,-1406291.883099999977
1431546.125199999893,-1406280.660900000017
1431551.492700000061,-1406280.449100000085
1431562.298200000077,-1406273.003500000108
1431584.488300000085,-1406254.214900000021
1431605.3125,-1406234.363899999997
1431608.435300000012,-1406235.139699999942
1431621.485600000015,-1406222.892900000094
1431659.775499999989,-1406214.90140000009
1431674.676200000104,-1406206.81389999995
1431694.450500000035,-1406199.21669999999
1431705.84850000008,-1406191.692400000058
1431716.169599999906,-1406188.784100000048
1431717.638599999947,-1406186.64049999998
1431727.466000000015,-1406184.434600000037
1431739.355100000044,-1406180.006400000071
1431766.43069999991,-1406165.519099999918
1431785.426800000016,-1406152.975899999961
1431785.649999999907,-1406152.902100000065
1432773.283700000029,-1405504.439400000032
1433733.603200000012,-1404678.214799999958
1435086.858999999939,-1403184.346700000111
1435581.329799999949,-1402789.421700000064
1436356.240699999966,-1402624.839699999895
1437088.828200000105,-1402631.943900000071
1437655.210500000045,-1402761.732899999944
1438008.600700000068,-1402939.1875
1438104.554500000086,-1403322.675599999959
1437809.701399999904,-1403658.431499999948
1437351.357300000032,-1404061.465899999952
1436945.328999999911,-1404428.636600000085
1436844.418000000063,-1404815.957500000019
1436769.763199999928,-1405295.339900000021
1436549.148599999957,-1405660.44989999989
1436813.460999999894,-1405934.616600000067
1437355.690100000007,-1405765.784900000086
1437934.463500000071,-1405316.097599999979
1438311.44709999999,-1404912.273100000108
1438567.634400000097,-1404115.163500000024
1438642.804400000023,-1403566.898199999938
1438672.749800000107,-1403185.189699999988
1438675.737299999921,-1403170.096099999966
1438675.426699999953,-1403160.59859999991
1438671.787199999904,-1403141.445199999958
1438671.92790000001,-1403119.801200000104
1438670.942800000077,-1403109.787000000011
1438665.263100000098,-1403096.691700000083
1438656.764100000029,-1403084.685499999905
1438657.143799999962,-1403083.353600000031
1438651.761299999896,-1403072.121899999911
1438647.73179999995,-1403054.317400000058
1438648.490500000073,-1403044.017500000075
1438650.901000000071,-1403032.814599999925
1438657.304199999897,-1403016.536700000055
1438675.280700000003,-1402986.331299999962
1438685.784599999897,-1402973.206000000006
1438696.484100000001,-1402965.142900000094
1438706.603099999949,-1402953.358199999901
1438715.655899999896,-1402946.189500000095
1438716.092600000091,-1402945.984100000001
1438866.728099999949,-1402765.19709999999
1439603.859399999958,-1403015.955899999943
1439957.412199999904,-1403416.787699999986
1439981.375400000019,-1403768.596200000029
1440397.973800000036,-1404362.559600000037
1440696.483199999901,-1404619.729199999943
1440993.285799999954,-1405067.671600000001
1441380.571599999908,-1405678.956999999937
1441739.628400000045,-1406180.425300000003
1442108.341400000034,-1406540.630899999989
1442371.303000000073,-1407044.718700000085
1442732.692599999951,-1407761.658499999903
1443162.006599999964,-1408366.118899999885
1443621.348400000017,-1408889.55560000008
1443918.642400000012,-1409540.473299999954
1444256.98179999995,-1410045.118699999992
1444451.909200000111,-1410458.398800000083
1444448.008099999977,-1410512.486100000096
1444619.628400000045,-1410598.574000000022
1444946.149999999907,-1410790.248799999943
1445167.476000000024,-1411121.55019999994
1445336.98629999999,-1411461.136600000085
1445412.874700000044,-1411658.54019999993
1445728.787599999923,-1412027.07070000004
1445941.979199999943,-1412307.261200000066
1446022.325200000079,-1412587.75959999999
1446080.488099999959,-1412840.375100000063
1446100.360399999889,-1413130.549399999902
1446192.156699999934,-1413482.543999999994
1446326.692800000077,-1413880.07480000006
1446440.682100000093,-1414259.935899999924
1446661.174600000028,-1414696.073199999984
1446740.146399999969,-1415133.910300000105
1446842.943900000071,-1415609.830099999905
1446907.195899999933,-1415955.726599999936
1447134.728200000012,-1416380.229800000088
1447399.655000000028,-1416872.063799999887
1447618.574000000022,-1417297.925599999959
1447825.589799999958,-1417704.733900000108
1447813.701899999985,-1418073.276000000071
1447928.91240000003,-1418515.729300000006
1447795.347599999979,-1418841.527900000103
1447825.607700000051,-1418976.37770000007
1447846.852299999911,-1419082.000599999912
1447824.055200000061,-1419182.753000000026
1447812.049099999946,-1419269.851899999892
1447844.274999999907,-1419372.011399999959
1447915.603799999924,-1419466.203599999892
1447982.030400000047,-1419511.778799999971
1448640.621100000106,-1419436.920699999901
1448654.080000000075,-1419502.904499999946
1448497.915599999949,-1419515.496400000062
1448546.590000000084,-1419536.859699999914
1448573.071400000015,-1419575.567299999995
1448604.103399999905,-1419607.763800000073
1448650.889100000029,-1419629.175700000022
1448679.413500000024,-1419636.994200000074
1448744.194700000109,-1419633.26099999994
1448780.110099999933,-1419668.389100000029
1448845.39599999995,-1419652.814800000051
1448885.106699999887,-1419639.63599999994
1448927.595599999884,-1419661.785200000042
1448968.495099999942,-1419736.998099999968
1448913.515600000042,-1419825.875400000019
1448821.901199999964,-1419929.141000000061
1448770.41379999998,-1420003.82890000008
1448686.509300000034,-1420092.228700000094
1448616.895000000019,-1420215.81389999995
1448593.947600000072,-1420333.623300000094
1448660.692199999932,-1420471.129299999913
1448759.13320000004,-1420581.409900000086
1448853.237500000047,-1420610.618800000055
1448952.811400000006,-1420592.956699999981
1449021.749700000044,-1420546.134800000116
1449062.951899999985,-1420587.22769999993
1449041.940100000007,-1420645.106099999975
1449017.698700000066,-1420718.833099999931
1449027.929599999916,-1420800.662299999967
1449098.669100000057,-1420900.047800000058
1449213.188599999994,-1420939.608400000026
1449331.170500000007,-1421000.757299999939
1449447.863700000104,-1421080.848900000099
1449579.42060000007,-1421163.666399999987
1449745.829099999974,-1421211.935300000012
1449895.013000000035,-1421206.750100000063
1450074.347599999979,-1421254.643600000069
1450229.702899999917,-1421314.8973999999
1450306.455099999905,-1421370.723299999954
1450385.147499999963,-1421429.644300000044
1450387.588100000052,-1421554.265600000042
1450579.558799999999,-1421834.374800000107
1450740.167300000088,-1422046.831699999981
1450920.03469999996,-1422271.224299999885
1450975.318200000096,-1422340.19020000007
1451167.91109999991,-1422474.827700000023
1451358.613799999934,-1422597.651599999983
1451515.175000000047,-1422742.102500000037
1451626.21940000006,-1422837.330899999943
1451700.940399999963,-1422898.012899999972
1451775.770699999994,-1423023.278399999952
1451791.623399999924,-1423082.830899999943
1451696.118400000036,-1423157.522000000114
1451250.837700000033,-1423488.939699999988
1451236.670900000026,-1423527.308600000106
1451311.209299999988,-1423472.679699999979
1451430.385599999921,-1423396.836799999932
1451424.270299999975,-1423419.151899999939
1451375.537599999923,-1423467.03879999998
1451327.442299999995,-1423510.660300000105
1451281.422800000058,-1423542.501200000057
1451250.316000000108,-1423576.631599999964
1451212.019000000088,-1423778.706299999962
1451267.572799999965,-1423978.204699999886
1451272.515099999961,-1424199.717500000028
1451270.308999999892,-1424347.348100000061
1451230.701700000092,-1424525.988300000085
1451223.096799999941,-1424571.539199999999
1451212.604800000088,-1424600.46120000002
1451191.255099999951,-1424615.943200000096
1451233.193100000033,-1424619.422899999889
1451275.830899999943,-1424622.960299999919
1451932.897099999944,-1423317.605200000107
1452078.182899999898,-1423138.642999999924
1452471.711399999913,-1423224.853700000094
1452727.86269999994,-1423407.822699999902
1452948.834000000032,-1423503.056199999992
1453186.187099999981,-1423340.215700000059
1453330.225799999898,-1423313.56660000002
1453771.772899999982,-1423347.649599999888
1454055.671899999958,-1423379.046600000001
1454469.665800000075,-1423463.050999999978
1454679.485000000102,-1423513.347099999897
1454957.466500000097,-1423563.178099999903
1455349.44570000004,-1423657.689699999988
1455692.967100000009,-1423745.977799999993
1456010.531100000022,-1424041.5401000001
1456173.995099999942,-1424393.419100000057
1456302.382400000002,-1424656.392199999886
1456412.087400000077,-1424803.310700000031
1456455.272899999982,-1424960.939000000013
1456477.807299999986,-1425100.881499999901
1456543.465599999996,-1425195.360099999933
1456663.268699999899,-1425239.098199999891
1456767.486000000034,-1425351.877400000114
1456779.697399999946,-1425482.975199999986
1456827.023999999976,-1425629.426999999909
1456936.193600000115,-1425772.920699999901
1457061.35950000002,-1425868.314900000114
1457161.0196,-1426044.851899999892
1457246.219000000041,-1426223.71669999999
1457459.800000000047,-1426388.900200000033
1457742.264600000111,-1426539.477399999974
1457883.804699999979,-1426754.776599999983
1458067.133499999996,-1426805.767199999886
1458144.508799999952,-1426954.368500000099
1458094.10269999993,-1427237.25410000002
1458214.279499999946,-1427235.92510000011
1458308.67790000001,-1427285.02919999999
1458646.663500000024,-1427492.257500000065
1458996.29150000005,-1427389.671199999982
1459520.157300000079,-1427676.225099999923
1459942.92200000002,-1428130.229999999981
1460290.584299999988,-1428335.230999999912
1460720.475899999961,-1428183.385699999984
1461071.411199999973,-1427686.959000000032
1461184.928000000073,-1426802.81799999997
1461483.296000000089,-1426053.705199999968
1461894.637700000079,-1425643.642800000031
1462567.101599999936,-1425479.960299999919
1463047.17510000011,-1425567.252899999963
1463369.550000000047,-1426119.843399999896
1463594.103799999924,-1426715.729599999962
1463821.786599999992,-1426898.789700000081
1464161.983900000108,-1427201.070499999914
1464677.766999999993,-1427076.351100000087
1465113.286599999992,-1426456.074999999953
1465135.710600000108,-1425875.187600000063
1465338.079300000099,-1425182.669900000095
1465483.815900000045,-1424787.94840000011
1465978.423699999927,-1424749.029499999946
1466758.067800000077,-1424169.032200000016
1467231.891599999974,-1423858.499499999918
1467569.725700000068,-1423212.609799999977
1467775.6679,-1422615.590000000084
1467623.214300000109,-1421389.389600000111
1467991.322200000053,-1420930.961399999913
1468201.01820000005,-1420429.497599999886
1468690.418999999994,-1419786.342699999921
1469458.310000000056,-1419854.021399999969
1469989.142299999949,-1420468.862900000066
1470316.251500000013,-1421048.063700000057
1470631.57489999989,-1421041.061299999943
1471163.123099999968,-1420872.094700000016
1471666.796700000064,-1420102.714500000002
1471875.838599999901,-1419669.976699999999
1472120.805900000036,-1419589.870000000112
1472291.997500000056,-1419475.451300000073
1472287.961499999976,-1419467.88320000004
1471881.988700000104,-1418706.561900000088
1471737.991200000048,-1417532.84300000011
1471738.980599999893,-1417506.56799999997
1471740.432800000068,-1417504.428499999922
1471739.099799999967,-1417492.557100000093
1471740.167700000107,-1417491.743699999992
1471740.120700000087,-1417484.123799999943
1471740.20570000005,-1417480.920300000114
1471738.610000000102,-1417456.378999999957
1471736.033999999985,-1417447.891999999993
1471736.968700000085,-1417442.654799999902
1471731.94980000006,-1417415.481300000101
1471716.035399999935,-1417325.209100000095
1471716.599699999904,-1417321.303400000092
1471694.5401000001,-1417193.215700000059
1471689.572399999946,-1417107.508799999952
1471681.589300000109,-1417073.190100000007
1471676.858500000089,-1417066.332799999975
1471673.455400000094,-1417049.081500000088
1471684.152100000065,-1417044.781500000041
1471686.096200000029,-1417041.937799999956
1471689.077800000086,-1417034.448600000003
1471684.070599999977,-1417029.539499999955
1471679.272600000026,-1417025.875199999893
1471670.990800000029,-1417026.576700000092
1471640.381000000052,-1417030.297899999889
1471616.000599999912,-1417030.824199999915
1471537.813300000038,-1416518.572600000072
1471591.137799999909,-1416270.560599999968
1471697.219000000041,-1416019.936599999899
1471778.245700000087,-1415833.222999999998
1472033.747100000037,-1415411.655700000003
1472088.902999999933,-1415355.469999999972
1472091.826099999947,-1415336.539799999911
1472113.916100000031,-1415291.609799999977
1472149.238899999997,-1415243.229100000113
1472149.419900000095,-1415240.65690000006
1472165.123499999987,-1415222.826399999904
1472190.881700000027,-1415189.364700000035
1472222.378500000108,-1415154.335999999894
1472224.615199999884,-1415153.331999999937
1472242.247999999905,-1415132.651899999939
1472276.31930000009,-1415102.296600000001
1472280.179599999916,-1415096.56660000002
1472312.713299999945,-1415071.547199999914
1472333.476599999936,-1415051.628000000026
1472372.55560000008,-1415011.541100000031
1472417.329799999949,-1414962.257900000084
1472437.407799999928,-1414941.818200000096
1472454.012799999909,-1414929.564999999944
1472496.382200000109,-1414902.30979999993
1472507.24450000003,-1414891.639800000004
1472536.333099999931,-1414860.17650000006
1472552.640799999936,-1414846.060599999968
1472636.28190000006,-1414770.09859999991
1472638.113499999978,-1414766.610000000102
1472671.006599999964,-1414736.444499999983
1472719.622100000037,-1414692.258099999977
1472756.690600000089,-1414658.221499999985
1472783.559399999911,-1414631.595699999947
1472830.406299999915,-1414587.689000000013
1472835.263100000098,-1414584.354400000069
1472866.299799999921,-1414553.851000000024
1472965.642400000012,-1414460.052399999928
1472981.459400000051,-1414446.655000000028
1472995.442700000014,-1414432.932299999986
1473040.296799999895,-1414398.896100000013
1473057.246299999999,-1414377.685300000012
1473101.28600000008,-1414334.896900000051
1473134.232300000032,-1414297.715899999952
1473225.733900000108,-1414214.738899999997
1473234.253999999957,-1414204.433999999892
1473245.806899999967,-1414194.289600000018
1473263.765399999917,-1414179.270800000057
1473266.659999999916,-1414174.984399999958
1473279.003299999982,-1414165.966999999946
1473279.762000000104,-1414163.300400000066
1473282.007100000046,-1414162.310099999886
1473315.754799999995,-1414130.090899999952
1473333.79700000002,-1414111.86810000008
1473339.340700000059,-1414109.068399999989
1473369.695400000084,-1414078.041800000006
1473573.327400000067,-1413887.716299999971
1473606.494900000049,-1413855.590099999914
1473617.642900000094,-1413842.96809999994
1473625.601800000062,-1413836.584000000032
1473626.970299999928,-1413837.61679999996
1473811.186299999943,-1413664.459599999944
1473823.323600000003,-1413654.226500000106
1473837.571199999889,-1413638.540000000037
1473849.767999999924,-1413621.277000000002
1473898.560599999968,-1413574.524800000014
1473914.634700000053,-1413555.365299999947
1473914.915499999886,-1413553.408499999903
1473930.022700000089,-1413535.678199999966
1473939.059899999993,-1413528.470399999991
1473973.983299999963,-1413494.201700000092
1474002.491900000023,-1413466.226999999955
1474025.860099999933,-1413468.319600000046
1474125.300300000003,-1413357.289399999892
1474177.483000000007,-1413305.594599999953
1474600.305099999998,-1412935.30290000001
1474612.335100000026,-1412924.422999999952
1474667.470900000073,-1412861.363300000085
1474674.834299999988,-1412851.260500000091
1474754.379299999913,-1412761.319900000002
1474764.072500000009,-1412750.82890000008
1474817.344800000079,-1412687.432299999986
1474866.821100000059,-1412622.759300000034
1474881.929800000042,-1412605.018399999943
1474882.802200000035,-1412602.972599999979
1474983.19439999992,-1412475.269899999956
1474984.924000000115,-1412471.16519999993
1474986.584199999925,-1412470.269799999893
1475024.344199999934,-1412422.119600000093
1475052.405100000091,-1412384.461600000039
1475090.369100000011,-1412337.564500000095
1475094.621000000043,-1412330.496999999974
1475099.757299999939,-1412325.211499999976
1475155.991900000023,-1412250.515700000105
1475171.078100000042,-1412228.970699999947
1475174.725499999942,-1412218.202599999961
1475195.402000000002,-1412183.013599999947
1475222.355599999893,-1412138.545699999901
1475233.936500000069,-1412117.580800000113
1475241.368899999885,-1412104.275499999989
1475241.542300000088,-1412101.704099999974
1475252.34030000004,-1412079.580000000075
1475253.896200000076,-1412078.046600000001
1475270.955099999905,-1412042.831599999918
1475280.579099999974,-1412020.90690000006
1475300.71809999994,-1411978.800000000047
1475309.024900000077,-1411963.463599999901
1475327.131499999901,-1411923.607400000095
1475345.565699999919,-1411889.431199999992
1475391.643600000069,-1411796.662599999923
1475405.097300000023,-1411761.380700000096
1475411.565100000007,-1411749.5196
1475421.173100000015,-1411709.139900000067
1475433.573600000003,-1411693.119100000011
1475434.331199999899,-1411690.452100000111
1475440.238499999978,-1411682.504999999888
1475451.725300000049,-1411660.89189999993
1475485.767100000056,-1411579.004699999932
1475488.787800000049,-1411560.693600000115
1475490.540700000012,-1411560.407200000016
1475496.438799999887,-1411534.004200000083
1475497.940500000026,-1411473.308200000087
1475511.963599999901,-1411401.048699999927
1475551.1446,-1411225.432199999923
1475576.53059999994,-1411097.853799999924
1475585.123900000006,-1411065.923399999971
1475586.53330000001,-1411056.152199999895
1475600.145199999912,-1410996.034999999916
1475606.417499999981,-1410968.298500000034
1475612.328299999936,-1410945.692100000102
1475635.418400000082,-1410836.960500000045
1475639.444799999939,-1410824.850300000049
1475638.651800000109,-1410823.708199999994
1475647.445400000084,-1410793.008600000059
1475670.685800000094,-1410710.325900000054
1475700.294500000076,-1410550.228099999949
1475814.490599999903,-1410165.164700000081
1475836.810999999987,-1410129.07799999998
1476381.50410000002,-1408807.215199999977
1476409.947500000009,-1408735.139299999923
1476448.197200000053,-1408638.560499999905
1476460.417700000107,-1408610.479899999918
1476464.513000000035,-1408609.810199999949
1476516.021699999925,-1408631.307100000093
1476520.552099999972,-1408622.29609999992
1476542.169699999969,-1408633.420399999944
1476544.475099999923,-1408629.220399999991
1476548.350600000005,-1408623.499599999981
1476527.527199999895,-1408613.524900000077
1476529.062200000044,-1408608.202300000004
1476484.912299999967,-1408580.399699999951
1476527.719100000104,-1408478.611999999965
1476526.354599999962,-1408477.563400000101
1476542.581100000069,-1408452.01820000005
1476543.145500000101,-1408448.095200000098
1476560.193600000115,-1408412.865999999922
1476562.060599999968,-1408413.200399999972
1476572.272600000026,-1408409.634099999908
1476574.077199999942,-1408402.332799999975
1476571.429900000105,-1408400.854300000006
1476570.143799999962,-1408396.617400000105
1476570.948099999921,-1408383.12089999998
1476578.847700000042,-1408365.296199999982
1476590.827300000004,-1408346.78879999998
1476597.713500000071,-1408341.222899999935
1476612.357499999925,-1408328.006400000071
1476628.184899999993,-1408281.530700000003
1476642.495700000087,-1408244.197500000009
1476655.798299999908,-1408219.114599999972
1476665.091999999946,-1408206.14870000002
1476691.081699999981,-1408148.476000000024
1476707.709700000007,-1408106.940500000026
1476731.427200000035,-1408061.084999999963
1476734.336600000039,-1408056.793800000101
1476742.502300000051,-1408037.01370000001
1476753.681899999967,-1408013.541800000006
1476773.48909999989,-1407965.782099999953
1476793.217799999984,-1407921.210699999938
1476793.402999999933,-1407918.636799999978
1476794.959000000032,-1407917.110499999952
1476808.243000000017,-1407888.214799999958
1476810.228499999968,-1407878.355500000063
1476864.832699999912,-1407760.635699999984
1476877.726000000024,-1407729.275399999926
1476894.006599999964,-1407696.70570000005
1476902.444799999939,-1407671.145899999887
1476901.451600000029,-1407668.780199999921
1476904.85400000005,-1407667.583799999906
1476911.092900000047,-1407650.654300000053
1476913.823300000047,-1407648.935800000094
1476914.86679999996,-1407644.317599999951
1476935.033199999947,-1407591.395500000101
1476937.981399999931,-1407580.091299999971
1476939.646799999988,-1407579.194499999983
1476962.588400000008,-1407517.539899999974
1476966.22490000003,-1407506.778200000059
1476967.09990000003,-1407504.715799999889
1476974.984799999977,-1407486.892400000012
1476986.598199999891,-1407455.085900000064
1476989.495799999917,-1407450.804100000067
1477025.382500000065,-1407350.788399999961
1477030.948600000003,-1407288.160399999935
1477044.812600000063,-1407256.925599999959
1477268.414399999892,-1406641.092900000047
1477305.14189999993,-1406550.408199999947
1477323.48450000002,-1406523.217900000047
1477383.676200000104,-1406370.780400000047
1477381.545500000007,-1406357.763100000098
1477378.889600000111,-1406341.655999999959
1477394.085900000064,-1406324.515399999917
1477413.288200000068,-1406280.642100000056
1477423.427399999928,-1406250.963100000052
1477439.151000000071,-1406211.482300000032
1477457.919199999887,-1406161.297299999977
1477470.592699999921,-1406132.490500000073
1477495.789700000081,-1406051.98450000002
1477500.490199999884,-1406025.754500000039
1477505.964600000065,-1406000.669699999969
1477523.211499999976,-1405941.197900000028
1477535.230200000107,-1405915.681499999948
1477542.363600000041,-1405904.315600000089
1477549.703500000061,-1405894.210900000064
1477540.702100000111,-1405861.320599999977
1477523.407700000098,-1405854.608800000045
1477515.550899999915,-1405846.984100000001
1477523.67109999992,-1405838.023499999894
1477529.875599999912,-1405846.543099999893
1477546.415999999968,-1405841.283899999922
1477555.718799999915,-1405817.491500000004
1477562.99729999993,-1405770.465899999952
1477574.58620000002,-1405724.014200000092
1477597.317299999995,-1405654.100799999898
1477621.336300000083,-1405573.785600000061
1477634.712800000096,-1405520.026099999901
1477639.912100000074,-1405496.889699999942
1477657.872900000075,-1405441.754999999888
1477666.503299999982,-1405406.617400000105
1477667.883399999933,-1405378.386399999959
1477660.255200000014,-1405375.819600000046
1477665.409999999916,-1405359.697399999946
1477680.269199999981,-1405336.891000000061
1477692.450799999991,-1405294.149200000102
1477699.852999999886,-1405277.026800000109
1477700.707399999956,-1405245.705899999943
1477700.168899999931,-1405238.794699999969
1477725.360300000058,-1405129.001099999994
1477732.750800000038,-1405097.241900000023
1477737.804400000023,-1405080.503899999894
1477742.116500000004,-1405055.615900000092
1477751.248200000031,-1404979.647799999919
1477751.808699999936,-1404961.101599999936
1477755.358400000026,-1404938.882200000109
1477755.78469999996,-1404915.8946
1477762.730599999893,-1404790.008099999977
1477762.345299999928,-1404762.065500000026
1477763.737500000047,-1404737.655400000047
1477762.027999999933,-1404701.665899999905
1477764.517599999905,-1404650.966599999927
1477763.212700000033,-1404632.093499999959
1477764.62910000002,-1404596.84859999991
1477763.56110000005,-1404553.754299999913
1477766.866900000023,-1404453.284400000004
1477766.426399999997,-1404403.079900000012
1477765.348400000017,-1404374.610600000015
1477763.985000000102,-1404358.922899999889
1477762.279799999902,-1404352.210299999919
1477755.540999999968,-1404307.477200000081
1477742.909299999941,-1404300.017699999968
1477725.356399999931,-1404299.076099999947
1477723.930099999998,-1404290.405999999959
1477772.910900000017,-1404281.714500000002
1477772.277699999977,-1404274.186500000069
1477771.047800000058,-1404266.756100000115
1477721.767400000012,-1404273.577199999942
1477719.810499999905,-1404272.610300000058
1477707.895800000057,-1404269.488899999997
1477722.673600000096,-1404249.862999999896
1477724.874199999962,-1404157.212499999907
1477710.878000000026,-1404134.057500000112
1477705.324100000085,-1404063.690799999982
1477691.487299999921,-1404008.679699999979
1477639.07480000006,-1403857.526199999964
1477503.934499999974,-1403483.830300000031
1477478.914700000081,-1403360.635599999921
1477463.71530000004,-1403289.934600000037
1477445.920300000114,-1403225.386299999896
1477422.898599999957,-1403165.52509999997
1477405.883499999996,-1403116.760400000028
1477390.511399999959,-1403077.910300000105
1477363.448000000091,-1403026.350199999986
1477326.554000000004,-1402878.37770000007
1477328.210800000001,-1402848.187200000044
1477325.476400000043,-1402835.267199999886
1477316.836499999976,-1402811.865999999922
1477297.835500000045,-1402769.153699999908
1477268.050300000003,-1402547.448799999896
1477260.458000000101,-1402493.956199999899
1477258.759300000034,-1402487.242099999916
1477241.277100000065,-1402439.200200000079
1477232.871499999892,-1402420.848400000017
1477221.196800000034,-1402411.93610000005
1477280.117300000042,-1402401.625800000038
1477283.156799999997,-1402390.944099999964
1477278.90559999994,-1402368.720500000054
1477210.443999999901,-1402379.328599999892
1477207.448600000003,-1402368.3554
1477215.780400000047,-1402360.631000000052
1477217.013800000073,-1402313.333000000101
1477180.497900000075,-1401977.509899999946
1477179.25,-1401951.625599999912
1477181.356200000038,-1401931.544699999969
1477176.547899999889,-1401883.955400000094
1477177.952300000004,-1401819.444200000027
1477174.038600000087,-1401788.260400000028
1477185.313300000038,-1401754.589699999895
1477175.138599999947,-1401564.659599999897
1477164.265300000086,-1401542.255200000014
1477154.903799999971,-1401499.882299999939
1477168.03600000008,-1401437.258399999933
1477150.500800000038,-1401410.848800000036
1477142.774800000014,-1401363.744100000011
1477130.106600000057,-1401337.817299999995
1477123.527000000002,-1401330.614499999909
1477114.989599999972,-1401322.475700000068
1477114.761900000041,-1401317.424700000091
1477179.561699999962,-1401313.783700000029
1477177.70980000007,-1401298.814199999906
1477127.714600000065,-1401301.287800000049
1477110.92379999999,-1401297.684399999911
1477108.157399999909,-1401291.769300000044
1477123.800599999959,-1401284.743999999948
1477128.825699999928,-1401278.832900000038
1477141.107099999906,-1401222.076099999947
1477146.441899999976,-1401174.096799999941
1477115.740900000092,-1400764.112399999984
1477102.957200000063,-1400591.171199999982
1477105.029899999965,-1400537.996700000018
1477090.074999999953,-1400432.230800000019
1477096.607700000051,-1400362.420200000051
1477092.096300000092,-1400342.149699999951
1477081.438199999975,-1400310.156699999934
1477079.355599999893,-1400206.113899999997
1477072.053800000111,-1400150.6651000001
1477080.639800000004,-1400093.238899999997
1477076.281399999978,-1400055.76549999998
1477071.347000000067,-1399948.98909999989
1477065.428199999966,-1399795.913200000068
1477054.810199999949,-1399767.744900000049
1477052.427699999884,-1399691.112100000028
1477051.221099999966,-1399658.210600000108
1477036.154499999946,-1399507.903399999952
1477035.806000000099,-1399414.38320000004
1477035.629699999932,-1399402.330400000094
1477024.942100000102,-1399223.925999999978
1477022.394400000107,-1399164.504699999932
1477009.453599999892,-1398869.989499999909
1476991.884800000116,-1398682.546600000001
1476970.106600000057,-1398535.253400000045
1476968.7527999999,-1398508.735700000077
1476966.392199999886,-1398490.663699999917
1476962.877300000051,-1398476.597400000086
1476956.985700000077,-1398469.929100000067
1476954.486500000115,-1398462.06520000007
1476933.19020000007,-1398392.821599999908
1476910.639900000067,-1398337.48359999992
1476895.25410000002,-1398324.096799999941
1476864.612900000066,-1398163.75820000004
1476810.20980000007,-1397879.075999999885
1476813.817199999932,-1397864.483000000007
1476818.993000000017,-1397822.885299999965
1476815.436900000088,-1397775.724200000055
1476812.844800000079,-1397723.316099999938
1476738.363099999959,-1397382.870499999961
1476727.812399999937,-1397336.854199999943
1476710.780899999896,-1397284.26549999998
1476686.477799999993,-1397194.668999999994
1476660.858299999963,-1397111.664499999955
1476646.898000000045,-1397066.853700000094
1476631.875199999893,-1397008.198799999896
1476619.138800000073,-1396970.821100000059
1476609.731499999994,-1396935.442700000014
1476596.209000000032,-1396896.921300000045
1476595.833099999931,-1396883.612399999984
1476597.681000000099,-1396869.291699999943
1476597.448799999896,-1396864.256000000052
1476591.38049999997,-1396860.160699999891
1476587.662299999967,-1396859.481900000013
1476583.260100000072,-1396863.057599999942
1476580.77780000004,-1396865.073799999896
1476579.664199999999,-1396872.905199999921
1476572.714500000002,-1396881.676999999909
1476567.635400000028,-1396879.964200000046
1476564.355299999937,-1396870.947699999902
1476564.202899999917,-1396869.855999999912
1476560.967500000028,-1396846.681600000011
1476556.882200000109,-1396832.707799999975
1476554.939500000095,-1396806.292799999937
1476549.400900000008,-1396779.826499999966
1476540.883399999933,-1396746.222099999897
1476526.978099999949,-1396709.020000000019
1476505.961099999957,-1396657.7304
1476488.829200000037,-1396619.152000000002
1476476.913699999917,-1396586.743800000055
1476464.640799999936,-1396559.467799999984
1476462.140700000105,-1396551.59580000001
1476449.000900000101,-1396526.381700000027
1476441.662299999967,-1396507.211399999913
1476392.735199999996,-1396410.201399999904
1476360.391700000037,-1396341.026000000071
1476329.64870000002,-1396277.965099999914
1476302.815500000026,-1396216.793099999893
1476258.334299999988,-1396128.592200000072
1476205.745600000024,-1396020.096799999941
1476138.651700000046,-1395874.495600000024
1476101.041299999924,-1395791.545200000051
1476094.230200000107,-1395779.289499999955
1476076.689400000032,-1395738.239400000079
1476068.10950000002,-1395722.456299999962
1476025.229599999962,-1395625.724799999967
1475838.461899999995,-1395240.658400000073
1475834.110399999889,-1395232.449000000022
1475827.841299999971,-1395212.485600000015
1475819.217699999921,-1395192.892199999886
1475416.007800000021,-1395024.156699999934
1475389.625800000038,-1394973.092900000047
1475391.697200000053,-1394934.560499999905
1475333.871899999911,-1394958.690799999982
1475321.44709999999,-1394967.093600000022
1475319.881400000071,-1394964.805200000061
1475327.13870000001,-1394957.880399999907
1475366.099600000074,-1394939.397600000026
1475419.73359999992,-1394915.313000000082
1475411.002300000051,-1394910.891499999911
1475413.209700000007,-1394901.104899999918
1475379.682199999923,-1394916.154000000097
1475363.360000000102,-1394922.657799999928
1475341.458399999887,-1394928.162199999904
1475341.920799999963,-1394923.629500000039
1475367.315500000026,-1394917.553300000029
1475396.644400000107,-1394902.543700000038
1475393.113499999978,-1394884.668700000038
1475380.126200000057,-1394853.042399999918
1475352.996899999911,-1394863.235000000102
1475322.952300000004,-1394815.322699999902
1475334.813000000082,-1394741.428300000029
1475335.910699999891,-1394645.760400000028
1475321.510400000028,-1394536.057199999923
1475309.87229999993,-1394516.331800000044
1475298.180099999998,-1394488.957900000038
1475281.188700000057,-1394454.817000000039
1475260.09719999996,-1394406.718799999915
1475231.732599999988,-1394350.888800000073
1475218.159999999916,-1394319.380700000096
1475217.764600000111,-1394316.885299999965
1475219.912299999967,-1394304.4347000001
1475222.986999999965,-1394297.569700000109
1475225.875400000019,-1394278.628299999982
1475223.71259999997,-1394261.793700000038
1475211.699500000104,-1394228.757900000084
1475188.236500000115,-1394177.222499999916
1475177.134300000034,-1394149.751699999906
1475163.383099999977,-1394120.809600000037
1475151.24310000008,-1394097.973400000017
1475122.549399999902,-1394036.466900000116
1475116.19849999994,-1394019.692899999907
1475113.04700000002,-1394015.111400000053
1475105.527299999958,-1393998.513299999991
1475090.034500000067,-1393969.863700000104
1475073.006199999945,-1393931.910900000017
1475065.513000000035,-1393919.13320000004
1475056.994399999967,-1393900.169100000057
1474974.591800000053,-1393723.311999999918
1474951.123700000113,-1393726.543099999893
1474934.457500000019,-1393712.713800000027
1474929.854100000113,-1393681.001699999906
1474941.659999999916,-1393654.231200000038
1474768.716599999927,-1393294.879399999976
1474753.654799999902,-1393257.876099999994
1474731.354800000088,-1393208.893300000113
1474705.736599999946,-1393162.142199999886
1474552.995499999961,-1392884.027299999958
1474452.300400000066,-1392700.568399999989
1474395.534400000004,-1392595.236000000034
1474395.718300000066,-1392592.66109999991
1473923.328800000018,-1391759.352799999993
1473574.006700000027,-1391099.476500000106
1473337.232800000114,-1390647.881700000027
1473118.054900000105,-1390223.307500000112
1472955.21949999989,-1389897.801800000016
1472748.055500000017,-1389491.646500000032
1472589.118999999948,-1389182.674799999921
1472524.976000000024,-1389065.162599999923
1472519.381100000115,-1389056.521299999906
1472377.926200000104,-1388803.26239999989
1472036.183600000106,-1388215.299799999921
1471897.883900000015,-1387981.265700000105
1471897.76230000006,-1387976.819900000002
1471698.187900000019,-1387650.259899999946
1471377.969700000016,-1387138.986899999902
1471120.677699999884,-1386723.118699999992
1470427.838100000052,-1385570.237800000003
1470407.303599999985,-1385539.845100000035
1470192.651700000046,-1385131.645400000038
1470125.631499999901,-1385000.537299999967
1469864.861599999946,-1384823.735300000058
1469548.762000000104,-1384379.773599999957
1469319.212999999989,-1384236.431799999904
1468954.564000000013,-1384008.70390000008
1468478.509700000053,-1383508.201899999985
1468077.939800000051,-1383256.9151000001
1467941.999000000069,-1382921.168400000082
1467433.249000000069,-1382219.44439999992
1466907.074999999953,-1381410.391099999892
1466373.340599999996,-1380340.95570000005
1465994.834299999988,-1379796.86810000008
1465603.20120000001,-1379599.078999999911
1464983.518699999899,-1379424.63320000004
1464407.619799999986,-1379091.583399999887
1463962.26689999993,-1378420.610700000077
1463705.708399999887,-1377484.844000000041
1463446.496000000043,-1377031.363300000085
1462978.553700000048,-1376790.802200000035
1462108.753400000045,-1375826.597899999935
1461978.816799999913,-1375742.658899999922
1461969.512799999909,-1375733.354400000069
1461930.348699999973,-1375717.430099999998
1461904.753000000026,-1375703.767800000031
1461886.102999999886,-1375695.966599999927
1461877.100799999898,-1375688.518500000006
1461824.048500000034,-1375660.847800000105
1461799.795900000026,-1375644.420900000026
1461756.908499999903,-1375605.53879999998
1461754.62910000002,-1375598.903900000034
1461753.111899999902,-1375589.606699999887
1461746.575399999972,-1375571.55839999998
1461743.33480000007,-1375566.360300000058
1461738.333099999931,-1375561.432999999961
1461729.258699999889,-1375557.17510000011
1461722.328299999936,-1375555.122699999949
1461694.044800000032,-1375550.807500000112
1461688.298600000096,-1375548.570300000021
1461682.708600000013,-1375543.738499999978
1461673.784299999941,-1375533.091199999908
1461650.001799999969,-1375512.120499999961
1461616.375,-1375474.91929999995
1461611.956599999918,-1375469.904899999965
1461600.55159999989,-1375451.382200000109
1461596.133300000103,-1375446.367700000061
1461585.587099999888,-1375440.443200000096
1461565.035200000042,-1375424.687399999937
1461551.5652999999,-1375419.230200000107
1461529.746999999974,-1375403.03199999989
1461524.855599999893,-1375398.742400000105
1461523.179699999979,-1375395.820599999977
1461519.529899999965,-1375388.142900000094
1461515.856300000101,-1375376.642299999949
1461511.062699999893,-1375372.953999999911
1461503.169999999925,-1375372.33070000005
1461490.593799999915,-1375368.657099999953
1461484.717399999965,-1375365.777400000021
1461481.090199999977,-1375361.915000000037
1461467.915800000075,-1375339.852799999993
1461454.216900000116,-1375329.348400000017
1461442.695899999933,-1375324.855100000044
1461434.260100000072,-1375313.495600000024
1461425.473999999929,-1375292.625999999931
1461419.677699999884,-1375286.562300000107
1461415.468600000022,-1375282.794400000013
1461382.14599999995,-1375265.918899999931
1461379.207299999893,-1375262.577300000004
1461365.521200000076,-1375252.070599999977
1461362.563599999994,-1375248.732099999906
1461355.208300000057,-1375236.54879999999
1461344.054199999897,-1375212.252499999944
1461337.183100000024,-1375203.169199999887
1461325.136600000085,-1375191.763499999885
1461297.138999999966,-1375167.017100000056
1461281.272600000026,-1375154.318399999989
1461269.649299999932,-1375149.193500000052
1461231.427699999884,-1375124.217600000091
1461221.148599999957,-1375116.335900000064
1461190.981300000101,-1375085.584299999988
1461154.760299999965,-1375054.535200000042
1461120.331500000088,-1375030.840599999996
1461109.274299999932,-1375021.804500000086
1461102.72359999991,-1375018.409100000048
1461072.966900000116,-1375008.60679999995
1461062.006000000052,-1375000.20299999998
1461033.741300000111,-1374981.239300000016
1461020.537900000112,-1374970.021100000013
1461006.916399999987,-1374956.309300000081
1460975.652000000002,-1374941.019099999918
1460947.01230000006,-1374923.381300000008
1460934.788699999917,-1374914.557599999942
1460922.281200000085,-1374907.662500000093
1460916.118800000055,-1374902.938599999994
1460906.807700000005,-1374893.618599999929
1460861.936299999943,-1374864.621400000062
1460829.479800000088,-1374845.705199999968
1460794.592799999984,-1374808.06520000007
1460759.865500000073,-1374782.519799999893
1460545.736700000009,-1374641.576300000073
1460489.09440000006,-1374599.204600000056
1460428.522200000007,-1374551.097700000042
1460367.33759999997,-1374513.929900000105
1460191.466100000078,-1374401.778799999971
1460127.371999999974,-1374368.908599999966
1460078.993800000055,-1374340.469100000104
1460015.512099999934,-1374311.325600000098
1459941.474099999992,-1374290.892900000094
1459759.978300000075,-1374232.535499999998
1459551.286499999929,-1374191.341500000097
1459499.520500000101,-1374182.567499999888
1459476.047800000058,-1374181.932500000112
1459458.90009999997,-1374182.871100000106
1459450.689400000032,-1374176.557500000112
1459441.709999999963,-1374172.90699999989
1459434.019899999956,-1374173.522200000007
1459422.124700000044,-1374170.344800000079
1459408.085299999919,-1374168.79609999992
1459401.743599999929,-1374166.63870000001
1459390.252099999925,-1374165.949599999934
1459381.167600000044,-1374161.691099999938
1459344.128599999938,-1374154.939900000114
1459332.233400000026,-1374151.76239999989
1459319.457900000038,-1374150.641099999892
1459300.348299999954,-1374147.368800000055
1459289.616900000023,-1374144.002400000114
1459274.909599999897,-1374141.936999999918
1459255.507800000021,-1374136.783199999947
1459191.04560000007,-1374123.648300000001
1459176.3152999999,-1374117.759499999927
1459137.30560000008,-1374106.219599999953
1459122.469100000104,-1374099.715400000103
1459076.828200000105,-1374087.993400000036
1459051.482400000095,-1374083.170900000026
1459041.428000000073,-1374080.33480000007
1459019.206800000044,-1374076.285900000017
1459010.731300000101,-1374075.739700000035
1458993.653500000015,-1374070.223800000036
1458983.815500000026,-1374068.641000000061
1458958.167300000088,-1374061.953800000018
1458951.540000000037,-1374061.755899999989
1458945.190900000045,-1374059.591599999927
1458933.320199999958,-1374060.244200000074
1458911.775900000008,-1374056.725700000068
1458869.335999999894,-1374042.562399999937
1458854.426699999953,-1374039.248300000094
1458841.536199999973,-1374033.693299999926
1458829.943800000008,-1374032.379399999976
1458816.190699999919,-1374028.870000000112
1458792.310199999949,-1374025.714699999895
1458784.707399999956,-1374023.144199999981
1458756.431099999929,-1374018.780800000066
1458727.192100000102,-1374012.042700000107
1458715.10129999998,-1374011.457699999912
1458700.867599999998,-1374008.666399999987
1458689.963500000071,-1374007.873399999924
1458635.178099999903,-1373998.913200000068
1458600.951399999904,-1373991.07799999998
1458595.778900000034,-1373988.722700000042
1458584.762199999997,-1373987.31520000007
1458560.379699999932,-1373981.061999999918
1458536.98900000006,-1373977.201700000092
1458529.082699999912,-1373972.759099999908
1458492.397200000007,-1373960.847400000086
1458447.542399999918,-1373950.275700000115
1458419.181799999904,-1373945.307599999942
1458393.019700000063,-1373935.523499999894
1458382.979700000025,-1373932.692100000102
1458362.193800000008,-1373922.67650000006
1458344.433699999936,-1373916.629699999932
1458303.928499999922,-1373899.611899999902
1458274.175400000066,-1373889.777000000002
1458255.554000000004,-1373885.783099999884
1458216.901000000071,-1373869.09719999996
1458209.114199999953,-1373850.616200000048
1458193.99450000003,-1373823.780299999984
1458135.351899999892,-1373793.176200000104
1458084.0429,-1373766.405400000047
1458046.597300000023,-1373757.161199999973
1458005.039499999955,-1373744.772200000007
1457976.167099999962,-1373714.417499999981
1457933.520199999912,-1373676.728600000031
1457890.202300000004,-1373660.805299999891
1457850.831800000044,-1373658.260699999984
1457842.721399999922,-1373652.554400000023
1457816.89320000005,-1373648.46259999997
1457809.862900000066,-1373645.775300000096
1457779.465899999952,-1373643.048900000053
1457768.054100000067,-1373639.158400000073
1457748.845299999928,-1373635.258799999952
1457727.085500000045,-1373626.672699999996
1457717.125900000101,-1373620.648800000083
1457714.674700000091,-1373616.57890000008
1457706.55429999996,-1373610.889600000111
1457704.103200000012,-1373606.819700000109
1457693.339399999939,-1373595.834000000032
1457686.356600000057,-1373582.306700000074
1457684.445999999996,-1373570.518699999899
1457685.808500000043,-1373567.751799999969
1457685.09030000004,-1373563.401000000071
1457680.571299999952,-1373553.941499999957
1457668.65009999997,-1373546.946999999927
1457657.154700000072,-1373546.264200000092
1457646.556000000099,-1373547.349299999885
1457619.455800000113,-1373542.814999999944
1457529.241300000111,-1373518.543099999893
1457495.583399999887,-1373506.784999999916
1457445.295900000026,-1373481.164499999955
1457324.015700000105,-1373416.697699999902
1457300.182899999898,-1373402.721799999941
1457296.568299999926,-1373398.84030000004
1457273.238700000104,-1373387.969199999934
1457232.796799999895,-1373363.938700000057
1457205.868800000055,-1373353.010100000072
1457199.901599999983,-1373349.509800000116
1457199.973100000061,-1373342.500400000019
1457207.922100000083,-1373336.120200000005
1457209.520800000057,-1373323.755799999926
1457199.157399999909,-1373315.235300000058
1457193.42109999992,-1373316.805099999998
1457183.935300000012,-1373310.055799999973
1457178.089399999939,-1373307.183900000062
1457172.906299999915,-1373304.837300000014
1457157.208600000013,-1373300.367499999935
1457143.775600000052,-1373302.544100000057
1457129.162900000112,-1373301.0848999999
1457118.507100000046,-1373294.52509999997
1457111.470100000035,-1373288.027000000002
1457089.769499999937,-1373272.424399999902
1457060.672199999914,-1373255.473999999929
1456965.013100000098,-1373212.34300000011
1456939.645299999975,-1373203.706999999937
1456916.214300000109,-1373192.203299999936
1456877.196800000034,-1373180.678599999985
1456864.31520000007,-1373175.11950000003
1456849.946800000034,-1373164.068600000115
1456803.107599999988,-1373144.884000000078
1456720.568299999926,-1373093.900399999926
1456689.903600000078,-1373078.483500000089
1456633.624499999918,-1373060.19439999992
1456615.328999999911,-1373043.406500000041
1456599.403900000034,-1373033.880399999907
1456567.507299999939,-1373021.833700000076
1456538.2929,-1373004.267999999924
1456487.385400000028,-1372967.285499999998
1456434.696699999971,-1372926.756599999964
1456412.504600000102,-1372911.87229999993
1456370.808600000106,-1372887.400799999945
1456355.38180000009,-1372880.987900000066
1456349.980599999893,-1372869.757100000046
1456336.200799999991,-1372862.41379999998
1456346.418800000101,-1372840.390399999917
1456341.304999999935,-1372827.207299999893
1456334.751500000013,-1372823.809099999955
1456326.26549999998,-1372819.458600000013
1456314.194700000109,-1372841.141700000037
1456307.20849999995,-1372846.092200000072
1456304.831999999937,-1372838.831100000069
1456299.439000000013,-1372831.418099999893
1456278.418999999994,-1372834.829799999949
1456258.380899999989,-1372822.142400000012
1456219.076700000092,-1372808.747999999905
1456195.377199999988,-1372803.026300000027
1456178.115599999903,-1372796.262099999934
1456151.0429,-1372777.083000000101
1456121.654000000097,-1372762.07489999989
1456105.753100000089,-1372756.378700000001
1456075.978200000012,-1372742.713699999964
1456017.407799999928,-1372713.975000000093
1455987.920699999901,-1372698.357499999925
1455981.759800000116,-1372693.614700000035
1455956.961799999932,-1372681.064699999988
1455923.906699999934,-1372673.030199999921
1455876.442599999951,-1372646.303899999941
1455852.319700000109,-1372630.465599999996
1455848.593499999959,-1372625.968899999978
1455811.75680000009,-1372601.98900000006
1455810.880700000096,-1372600.225099999923
1455741.089500000002,-1372568.826300000073
1455729.755200000014,-1372561.749800000107
1455622.510299999965,-1372517.301999999909
1455619.092399999965,-1372514.668800000101
1455587.783700000029,-1372506.350499999942
1455495.079099999974,-1372488.85859999992
1455490.585999999894,-1372487.039799999911
1455475.88049999997,-1372484.952700000023
1455369.972099999897,-1372456.202800000086
1455365.976400000043,-1372457.497500000056
1455362.077800000086,-1372455.582399999956
1455339.569200000027,-1372453.477299999911
1455336.360899999971,-1372452.09850000008
1455321.456299999962,-1372452.589600000065
1455308.010299999965,-1372450.946500000078
1455303.537800000049,-1372452.943399999989
1455240.010199999902,-1372449.197699999902
1455234.159200000111,-1372446.325500000035
1455230.172599999933,-1372447.595599999884
1455161.060000000056,-1372435.201499999966
1455100.741900000023,-1372429.029799999902
